[
    {
      "cognome": "Ammirati",
      "nome": "Massimiliano",
      "età": 18
    },
    {
      "cognome": "Ayala",
      "nome": "Sebastie",
      "età": 18
    },
    {
      "cognome": "Battaglia",
      "nome": "Valerio",
      "età": 18
    },
    {
      "cognome": "Biroli",
      "nome": "Lucia",
      "età": 18
    },
    {
      "cognome": "Elsi",
      "nome": "Federico",
      "età": 18
    },
    {
      "cognome": "Giudici",
      "nome": "Abel",
      "età": 18
    },
    {
      "cognome": "Lucchetti",
      "nome": "Andrea",
      "età": 18
    },
    {
      "cognome": "Mansi",
      "nome": "Edoardo",
      "età": 20
    },
    {
      "cognome": "Marsano",
      "nome": "Valerio",
      "età": 18
    },
    {
      "cognome": "Marzi",
      "nome": "Riccardo",
      "età": 18
    },
    {
      "cognome": "Mauro",
      "nome": "Simone",
      "età": 19
    },
    {
      "cognome": "Narciso",
      "nome": "Michele",
      "età": 17
    },
    {
      "cognome": "Paredes",
      "nome": "Marco",
      "età": 19
    },
    {
      "cognome": "Raballo",
      "nome": "Enrico",
      "età": 18
    },
    {
      "cognome": "Ronchi",
      "nome": "Angelo",
      "età": 17
    },
    {
      "cognome": "Sesti",
      "nome": "Luca",
      "età": 17
    },
    {
      "cognome": "Viscomi",
      "nome": "Niccolo",
      "età": 18
    },
    {
      "cognome": "Vodola",
      "nome": "Christian",
      "età": 18
    }
  ]
  